Name,Twitter Link
0x,https://x.com/0xProject
Agora,https://x.com/withAUSD
AZEx,https://x.com/azex_io
Aarna,https://x.com/aarnasays
Accountable,https://x.com/AccountableData
Across Protocol,https://x.com/AcrossProtocol
Acurast,https://x.com/Acurast
AethonSwap,https://x.com/AethonSwap
Alchemy,https://x.com/Alchemy
AllDomains,https://x.com/alldomains
Allium,https://x.com/AlliumLabs
Ambient,https://x.com/ambient_finance
Ambire,https://x.com/ambirewallet
Amertis,https://x.com/AmertisExchange
Ammalgam,https://x.com/Ammalgam
ApeBond,https://x.com/apebond
Apriori,https://x.com/apriori
Atlantis,https://x.com/atlantisdex_xyz
Atomic Wallet,https://x.com/atomicwallet
Azaar,https://x.com/AzaarExchange
Backpack,https://x.com/Backpack
Balancer,https://x.com/Balancer
Band Protocol,https://x.com/BandProtocol
Bean Exchange,https://x.com/Bean_DEX
Bebop,https://x.com/bebop_dex/
Biconomy,https://x.com/biconomy
Bima,https://x.com/bimabtc
Birdeye,https://x.com/birdeye_so
Birdeye Data Services,https://x.com/birdeye_data
Bitget Wallet,https://x.com/BitgetWallet
Blazpay,https://x.com/blazpaylabs
BlockStreet,https://x.com/blockst_hq
BlockVision,https://x.com/blockvisionhq
Blockdaemon,https://x.com/BlockdaemonHQ
Blocklive,https://x.com/blocklive_/
Breath of Estova,https://x.com/BreathOfEstova
Buzzing App,https://x.com/BuzzingApp
Bybit Web3 Wallet,https://x.com/Bybit_Web3
CPLX,https://x.com/cplx_io
CULT,https://x.com/cultdottrade
Caddy Finance,https://x.com/caddyfi
Capa,https://x.com/capa_fi
Castora,https://x.com/Castora_xyz
Catton AI,https://x.com/Cattontw
Celeris,https://x.com/0xCeleris
Chainbase,https://x.com/ChainbaseHQ
Chainlink,https://x.com/chainlink
Chainsight,https://x.com/Chainsight_
Chronicle,https://x.com/ChronicleLabs
Clober,https://x.com/CloberDEX
CoNFT,https://x.com/ConftApp
Codex,https://x.com/trycodex
Coin98 AI Wallet,https://x.com/coin98_wallet
Covenant,https://x.com/covenantFi
Crust Finance,https://x.com/CrustFinance
Crystal,https://x.com/CrystalExch
Cult Markets,https://x.com/cultmarkets
Curvance,https://x.com/Curvance
Cycle Network,https://x.com/cyclenetwork_GO
Cyferio,https://x.com/cyferio_labs
DAU Cards,https://x.com/DAUCards
DRKVRS,https://x.com/drkvrs
DRPC,https://x.com/drpcorg
DashX,https://x.com/dashxhq
Defined,https://x.com/definedfi
Demask Finance,https://x.com/demaskfinance
Dialect,https://x.com/saydialect
Diffuse,https://x.com/DiffuseFi
Dirol Protocol,https://x.com/DirolProtocol
DiscoCats,https://x.com/mydiscocats
Doppler Finance,https://x.com/dopplerprotocol
Drake,https://x.com/DrakeExchange
Dune Analytics,https://x.com/Dune
Dusted,https://x.com/dusted_app
Dynamic,https://x.com/dynamic_xyz
Dyson Finance,https://x.com/DysonFinance
ELFi Protocol,https://x.com/ELFiProtocol
EOracle,https://x.com/EO_Network
Eisen Finance,https://x.com/EisenLabs
Enjoyoors,https://x.com/enjoyoorsxyz
Entangle,https://x.com/Entanglefi
Envio,https://x.com/envio_indexer
Euclid Protocol,https://x.com/EuclidProtocol
Euler,https://x.com/eulerfinance/
FUKU,https://x.com/Fuku_nad
FWX,https://x.com/fwxfinance
Fans3 AI,https://x.com/Fans3_AI
Farcaster,https://x.com/farcaster_xyz
FastLane,https://x.com/0xFastLane
Fiamma,https://x.com/fiamma_labs
Fizen.io,https://x.com/fizenapp
Flap,https://x.com/flapdotsh
Flipside Crypto,https://x.com/flipsidecrypto
Folks Finance,https://x.com/FolksFinance
Fonbnk,https://x.com/fonbnk1
Fortytwo,https://x.com/fortytwo
FoxWallet,https://x.com/FoxWallet
GM Agents,https://x.com/GMAgents_AI
Garden,https://x.com/gardenfi
Gasp,https://x.com/Gasp_xyz
Gateway,https://x.com/Gateway_xyz
Gearbox Protocol,https://x.com/GearboxProtocol
Gelato,https://x.com/gelatonetwork
Ghost,https://x.com/0xGhostLogs
Gifted.art,https://x.com/gifteddotart
GoPlus,https://x.com/goplussecurity
Covalent,https://x.com/Covalent_HQ
Golden Goose,https://x.com/GoldenGoose_app
Goldsky,https://x.com/goldskyio
Gorillionaire,https://x.com/gorillionaireai
HaHa Wallet,https://x.com/haha_app
Hashflow,https://x.com/hashflow
Hawk Terminal,https://x.com/hawkterminal_HQ
Hemera,https://x.com/HemeraProtocol
Henry Labs,https://x.com/henrylabs
Hive,https://x.com/Hive_Monad
Hyperlane,https://x.com/hyperlane
INFINIT,https://x.com/infinit_labs
IZUMi Finance,https://x.com/izumi_Finance
Impossible Finance,https://x.com/impossiblefi
Index Network,https://x.com/indexnetwork_
Jenius,https://x.com/JeniusRndm
Jumper Exchange,https://x.com/jumperexchange
KINETK,https://x.com/KINETK_AI
Kansei,https://x.com/0xKansei
KiloEx,https://x.com/KiloEx_perp
Kingdomly,https://x.com/Kingdomlyapp
Kintsu,https://x.com/Kintsu
Kinza Finance,https://x.com/kinzafinance
Kizzy,https://x.com/kizzymobile
Kodeus AI,https://x.com/TheKodeusLabs
Koywe,https://x.com/koywe_latam
KuCoin,https://x.com/KuCoin_Web3
Kuru,https://x.com/KuruExchange
LAGOON,https://x.com/lagoon_finance
LEVR.bet,https://x.com/levr_bet
LFJ,https://x.com/LFJ_gg
LI.FI,https://x.com/lifiprotocol
LayerZero,https://x.com/LayerZero_Core
Layerhub,https://x.com/layerhub
Leap Wallet,https://x.com/leap_wallet
Legends of Elysium,https://x.com/LegendsElysium
LeverUp,https://x.com/LeverUp_xyz
Likwid,https://x.com/likwid_fi
Lombard,https://x.com/Lombard_Finance
LootGO,https://x.com/lootgo_official
Lootify,https://x.com/Lootify_xyz
Lumiterra,https://x.com/LumiterraGame
M0narch,https://x.com/MonadM0narch
MERV,https://x.com/merv_wtf
Mace,https://x.com/mace_ag
Mach Exchange,https://x.com/mach_exchange
Madhouse,https://x.com/usemadhouse
Magic Eden,https://x.com/magiceden
Magma,https://x.com/MagmaStaking
Mahjong123,https://x.com/0xMJM
Memesteroid,https://x.com/memesteroid
Mentaport,https://x.com/mentaportinc
Meow Finance,https://x.com/meowfi_
Meta Leap,https://x.com/MetaLeap_io
MetaKeep,https://x.com/metakeep
Mflo,https://x.com/mfloai
MindAgentsAI,https://x.com/MindAgentsAI
Mintpad,https://x.com/mintpadco
Mobula,https://x.com/Mobulaio
MonadExplorer by BlockVision,https://x.com/blockvisionhq
Monadata AI,https://x.com/monadata_ai
Monday Trade,https://x.com/MondayTrade_
Monorail,https://x.com/monorail_xyz
Morpheus,https://x.com/Morpheus_Farm
Moseiki,https://x.com/MoseikiApp
Mozi,https://x.com/mozifinance
Mu Digital,https://x.com/MuDigitalHQ
Multipli,https://x.com/multiplifi
Multisynq,https://x.com/multisynq
NADSA,https://x.com/0xNADSA
NFTs2Me,https://x.com/NFTs2Me
NXTchain,https://x.com/NXT_chain
Nabla Finance,https://x.com/nablafi
Nad.fun,https://x.com/naddotfun
NadSmith,https://x.com/NadSmith_
Narrative,https://x.com/narrativexyz
Narwhal Finance,https://x.com/Narwhal_Finance
Neverland,https://x.com/neverland_money
Nillion,https://x.com/nillion
Router Protocol,https://x.com/routerprotocol
NitroFinance,https://x.com/NitroFinance
Nomas Wallet,https://x.com/NomasWalletReal
Nostra,https://x.com/nostrafinance
Notifi,https://x.com/NotifiNetwork
Noves,https://x.com/noves_fi
Nubila Network,https://x.com/nubilanetwork
Nunchi,https://x.com/nunchi
OKX Explorer,https://x.com/okxexplorer
OKX Wallet,https://x.com/wallet
OSL Pay,https://x.com/oslpay
OctoSwap,https://x.com/octoswapdex
Omnia,https://x.com/ExploreOmnia
Opals,https://x.com/Opals_io
OpenOcean,https://x.com/OpenOceanGlobal
OpenSea,https://x.com/opensea
Orbiter Finance,https://x.com/Orbiter_Finance
Orderly Network,https://x.com/orderlynetwork
Orochi Network,https://x.com/OrochiNetwork
Outpost Surge,https://x.com/OutpostSurge
Owlto Finance,https://x.com/Owlto_Finance
PLAY Network,https://x.com/0xplay_network
POINK,https://x.com/poinkofficial
PancakeSwap,https://x.com/PancakeSwap
Pangea,https://x.com/In_Pangea
Para,https://x.com/get_para
Pecker,https://x.com/pecker_so
Peridot,https://x.com/peridotprotocol
Permute Finance,https://x.com/permute_finance
Perpl,https://x.com/perpltrade
Phantom,https://x.com/phantom
Pimlico,https://x.com/pimlicoHQ
Pingu Exchange,https://x.com/PinguExchange
Plato,https://x.com/plato2earn
PolyFlow,https://x.com/Polyflow_PayFi
Poply,https://x.com/poply_xyz
Poster.fun,https://x.com/Posterdotfun
Primex Finance,https://x.com/primex_official
Primus,https://x.com/primus_labs
Privy,https://x.com/privy_io
Proof-of-Skill,https://x.com/proofofskill
Puffer Finance,https://x.com/Puffer_Finance
PumpBTC,https://x.com/Pumpbtcxyz
Purps,https://x.com/PurpsExchange
Pyth Network,https://x.com/PythNetwork
QuickNode,https://x.com/QuickNode
Rabble,https://x.com/0xRabble
RareBetSports,https://x.com/RareBetSports
Rayvo,https://x.com/rayvo_xyz
RedStone,https://x.com/redstone_defi
Redbrick,https://x.com/RedbrickLand
Relend Network,https://x.com/relend_network
Renzo,https://x.com/RenzoProtocol
Reown,https://x.com/reown_
Reservoir,https://x.com/reservoir0x
RgbClash,https://x.com/rgbclash_xyz
Rhino.fi,https://x.com/rhinofi
Rubic,https://x.com/CryptoRubic
Rug Rumble,https://x.com/RugRumble
Rumi,https://x.com/RumiLabs_io
SQD,https://x.com/helloSQD
STAGE.fun,https://x.com/stagedotfun
SafePal,https://x.com/iSafePal
Scatter.art,https://x.com/scatter_art
Sela Network,https://x.com/SelaNetwork
Sherpa,https://x.com/sherpa_trade
Showdown,https://x.com/showdown_gg
Sidekick,https://x.com/Sidekick_Labs
SkyTrade,https://x.com/SkyTradeNetwork
Slogain,https://x.com/SlogainDaily
Solv Protocol,https://x.com/SolvProtocol
Spine Finance,https://x.com/spineprotocol
Sprout,https://x.com/sproutfi_xyz
StakeStone,https://x.com/stake_stone
Stargate,https://x.com/StargateFinance
StationX,https://x.com/stationxnetwork
Stork,https://x.com/StorkOracle
SubQuery,https://x.com/SubQueryNetwork
Sumer,https://x.com/sumermoney
Sunscreen,https://x.com/sunscreentech
Swaap,https://x.com/SwaapFinance
Switchboard,https://x.com/switchboardxyz
Swyrl Finance,https://x.com/SwyrlFi
T3rn,https://x.com/t3rn_io
Tadle,https://x.com/tadle_com
Talentum,https://x.com/TalentumID
Tally,https://x.com/tallyxyz
Tarobase,https://x.com/0xtarobase
Terminal 3,https://x.com/terminal3io
Tezza Poker,https://x.com/tezzapoker
The Graph,https://x.com/graphprotocol
The Vape Labs,https://x.com/thevapelabs
Thirdweb,https://x.com/thirdweb
Timelock,https://x.com/Timelock_Trade
Timeswap,https://x.com/TimeswapLabs
TokenPocket,https://x.com/TokenPocket_TP
TownSquare,https://x.com/TownSquarexyz
Tread.fi,https://x.com/tread_fi
Triton One,https://x.com/triton_one
Turnkey,https://x.com/turnkeyhq
TypeX,https://x.com/TypeXKeyboard
Uniswap,https://x.com/Uniswap
Uniswap Wallet,https://x.com/Uniswap
Unmarshal,https://x.com/unmarshalAI
Valor Quest,https://x.com/valorquestgame
Web3Auth,https://x.com/web3auth
Winks.fun,https://x.com/winksdotfun
Wonad,https://x.com/thiswonad
Wormhole,https://x.com/wormhole
X2C,https://x.com/PlayFlappyTrump
XL,https://x.com/xldotfun
Yamata,https://x.com/yamataexchange
YieldKingZ,https://x.com/Yieldkingz
Zapry,https://x.com/0xZapry
Zerion,https://x.com/zerion
ZeroDev,https://x.com/zerodev_app
Zona,https://x.com/zona_io
dFusion AI,https://x.com/dfusionai