name,currentFollowers,change1D,change7D,change30D,lastUpdated
0x,0,N/A,N/A,N/A,2026-09-27
Agora,0,N/A,N/A,N/A,2026-09-27
AZEx,0,N/A,N/A,N/A,2026-09-27
Aarna,0,N/A,N/A,N/A,2026-09-27
Accountable,0,N/A,N/A,N/A,2026-09-27
Across Protocol,0,N/A,N/A,N/A,2026-09-27
Acurast,0,N/A,N/A,N/A,2026-09-27
AethonSwap,0,N/A,N/A,N/A,2026-09-27
Alchemy,0,N/A,N/A,N/A,2026-09-27
AllDomains,0,N/A,N/A,N/A,2026-09-27
Allium,0,N/A,N/A,N/A,2026-09-27
Ambient,0,N/A,N/A,N/A,2026-09-27
Ambire,0,N/A,N/A,N/A,2026-09-27
Amertis,0,N/A,N/A,N/A,2026-09-27
Ammalgam,0,N/A,N/A,N/A,2026-09-27
ApeBond,0,N/A,N/A,N/A,2026-09-27
Apriori,0,N/A,N/A,N/A,2026-09-27
Atlantis,0,N/A,N/A,N/A,2026-09-27
Atomic Wallet,0,N/A,N/A,N/A,2026-09-27
Azaar,0,N/A,N/A,N/A,2026-09-27
Backpack,0,N/A,N/A,N/A,2026-09-27
Balancer,0,N/A,N/A,N/A,2026-09-27
Band Protocol,0,N/A,N/A,N/A,2026-09-27
Bean Exchange,0,N/A,N/A,N/A,2026-09-27
Bebop,0,N/A,N/A,N/A,2026-09-27
Biconomy,0,N/A,N/A,N/A,2026-09-27
Bima,0,N/A,N/A,N/A,2026-09-27
Birdeye,0,N/A,N/A,N/A,2026-09-27
Birdeye Data Services,0,N/A,N/A,N/A,2026-09-27
Bitget Wallet,0,N/A,N/A,N/A,2026-09-27
Blazpay,0,N/A,N/A,N/A,2026-09-27
BlockStreet,0,N/A,N/A,N/A,2026-09-27
BlockVision,0,N/A,N/A,N/A,2026-09-27
Blockdaemon,0,N/A,N/A,N/A,2026-09-27
Blocklive,0,N/A,N/A,N/A,2026-09-27
Breath of Estova,0,N/A,N/A,N/A,2026-09-27
Buzzing App,0,N/A,N/A,N/A,2026-09-27
Bybit Web3 Wallet,0,N/A,N/A,N/A,2026-09-27
CPLX,0,N/A,N/A,N/A,2026-09-27
CULT,0,N/A,N/A,N/A,2026-09-27
Caddy Finance,0,N/A,N/A,N/A,2026-09-27
Capa,0,N/A,N/A,N/A,2026-09-27
Castora,0,N/A,N/A,N/A,2026-09-27
Catton AI,0,N/A,N/A,N/A,2026-09-27
Celeris,0,N/A,N/A,N/A,2026-09-27
Chainbase,0,N/A,N/A,N/A,2026-09-27
Chainlink,0,N/A,N/A,N/A,2026-09-27
Chainsight,0,N/A,N/A,N/A,2026-09-27
Chronicle,0,N/A,N/A,N/A,2026-09-27
Clober,0,N/A,N/A,N/A,2026-09-27
CoNFT,0,N/A,N/A,N/A,2026-09-27
Codex,0,N/A,N/A,N/A,2026-09-27
Coin98 AI Wallet,0,N/A,N/A,N/A,2026-09-27
Covenant,0,N/A,N/A,N/A,2026-09-27
Crust Finance,0,N/A,N/A,N/A,2026-09-27
Crystal,0,N/A,N/A,N/A,2026-09-27
Cult Markets,0,N/A,N/A,N/A,2026-09-27
Curvance,0,N/A,N/A,N/A,2026-09-27
Cycle Network,0,N/A,N/A,N/A,2026-09-27
Cyferio,0,N/A,N/A,N/A,2026-09-27
DAU Cards,0,N/A,N/A,N/A,2026-09-27
DRKVRS,0,N/A,N/A,N/A,2026-09-27
DRPC,0,N/A,N/A,N/A,2026-09-27
DashX,0,N/A,N/A,N/A,2026-09-27
Defined,0,N/A,N/A,N/A,2026-09-27
Demask Finance,0,N/A,N/A,N/A,2026-09-27
Dialect,0,N/A,N/A,N/A,2026-09-27
Diffuse,0,N/A,N/A,N/A,2026-09-27
Dirol Protocol,0,N/A,N/A,N/A,2026-09-27
DiscoCats,0,N/A,N/A,N/A,2026-09-27
Doppler Finance,0,N/A,N/A,N/A,2026-09-27
Drake,0,N/A,N/A,N/A,2026-09-27
Dune Analytics,0,N/A,N/A,N/A,2026-09-27
Dusted,0,N/A,N/A,N/A,2026-09-27
Dynamic,0,N/A,N/A,N/A,2026-09-27
Dyson Finance,0,N/A,N/A,N/A,2026-09-27
ELFi Protocol,0,N/A,N/A,N/A,2026-09-27
EOracle,0,N/A,N/A,N/A,2026-09-27
Eisen Finance,0,N/A,N/A,N/A,2026-09-27
Enjoyoors,0,N/A,N/A,N/A,2026-09-27
Entangle,0,N/A,N/A,N/A,2026-09-27
Envio,0,N/A,N/A,N/A,2026-09-27
Euclid Protocol,0,N/A,N/A,N/A,2026-09-27
Euler,0,N/A,N/A,N/A,2026-09-27
FUKU,0,N/A,N/A,N/A,2026-09-27
FWX,0,N/A,N/A,N/A,2026-09-27
Fans3 AI,0,N/A,N/A,N/A,2026-09-27
Farcaster,0,N/A,N/A,N/A,2026-09-27
FastLane,0,N/A,N/A,N/A,2026-09-27
Fiamma,0,N/A,N/A,N/A,2026-09-27
Fizen.io,0,N/A,N/A,N/A,2026-09-27
Flap,0,N/A,N/A,N/A,2026-09-27
Flipside Crypto,0,N/A,N/A,N/A,2026-09-27
Folks Finance,0,N/A,N/A,N/A,2026-09-27
Fonbnk,0,N/A,N/A,N/A,2026-09-27
Fortytwo,0,N/A,N/A,N/A,2026-09-27
FoxWallet,0,N/A,N/A,N/A,2026-09-27
GM Agents,0,N/A,N/A,N/A,2026-09-27
Garden,0,N/A,N/A,N/A,2026-09-27
Gasp,0,N/A,N/A,N/A,2026-09-27
Gateway,0,N/A,N/A,N/A,2026-09-27
Gearbox Protocol,0,N/A,N/A,N/A,2026-09-27
Gelato,0,N/A,N/A,N/A,2026-09-27
Ghost,0,N/A,N/A,N/A,2026-09-27
Gifted.art,0,N/A,N/A,N/A,2026-09-27
GoPlus,0,N/A,N/A,N/A,2026-09-27
Covalent,0,N/A,N/A,N/A,2026-09-27
Golden Goose,0,N/A,N/A,N/A,2026-09-27
Goldsky,0,N/A,N/A,N/A,2026-09-27
Gorillionaire,0,N/A,N/A,N/A,2026-09-27
HaHa Wallet,0,N/A,N/A,N/A,2026-09-27
Hashflow,0,N/A,N/A,N/A,2026-09-27
Hawk Terminal,0,N/A,N/A,N/A,2026-09-27
Hemera,0,N/A,N/A,N/A,2026-09-27
Henry Labs,0,N/A,N/A,N/A,2026-09-27
Hive,0,N/A,N/A,N/A,2026-09-27
Hyperlane,0,N/A,N/A,N/A,2026-09-27
INFINIT,0,N/A,N/A,N/A,2026-09-27
IZUMi Finance,0,N/A,N/A,N/A,2026-09-27
Impossible Finance,0,N/A,N/A,N/A,2026-09-27
Index Network,0,N/A,N/A,N/A,2026-09-27
Jenius,0,N/A,N/A,N/A,2026-09-27
Jumper Exchange,0,N/A,N/A,N/A,2026-09-27
KINETK,0,N/A,N/A,N/A,2026-09-27
Kansei,0,N/A,N/A,N/A,2026-09-27
KiloEx,0,N/A,N/A,N/A,2026-09-27
Kingdomly,0,N/A,N/A,N/A,2026-09-27
Kintsu,0,N/A,N/A,N/A,2026-09-27
Kinza Finance,0,N/A,N/A,N/A,2026-09-27
Kizzy,0,N/A,N/A,N/A,2026-09-27
Kodeus AI,0,N/A,N/A,N/A,2026-09-27
Koywe,0,N/A,N/A,N/A,2026-09-27
KuCoin,0,N/A,N/A,N/A,2026-09-27
Kuru,0,N/A,N/A,N/A,2026-09-27
LAGOON,0,N/A,N/A,N/A,2026-09-27
LEVR.bet,0,N/A,N/A,N/A,2026-09-27
LFJ,0,N/A,N/A,N/A,2026-09-27
LI.FI,0,N/A,N/A,N/A,2026-09-27
LayerZero,0,N/A,N/A,N/A,2026-09-27
Layerhub,0,N/A,N/A,N/A,2026-09-27
Leap Wallet,0,N/A,N/A,N/A,2026-09-27
Legends of Elysium,0,N/A,N/A,N/A,2026-09-27
LeverUp,0,N/A,N/A,N/A,2026-09-27
Likwid,0,N/A,N/A,N/A,2026-09-27
Lombard,0,N/A,N/A,N/A,2026-09-27
LootGO,0,N/A,N/A,N/A,2026-09-27
Lootify,0,N/A,N/A,N/A,2026-09-27
Lumiterra,0,N/A,N/A,N/A,2026-09-27
M0narch,0,N/A,N/A,N/A,2026-09-27
MERV,0,N/A,N/A,N/A,2026-09-27
Mace,0,N/A,N/A,N/A,2026-09-27
Mach Exchange,0,N/A,N/A,N/A,2026-09-27
Madhouse,0,N/A,N/A,N/A,2026-09-27
Magic Eden,0,N/A,N/A,N/A,2026-09-27
Magma,0,N/A,N/A,N/A,2026-09-27
Mahjong123,0,N/A,N/A,N/A,2026-09-27
Memesteroid,0,N/A,N/A,N/A,2026-09-27
Mentaport,0,N/A,N/A,N/A,2026-09-27
Meow Finance,0,N/A,N/A,N/A,2026-09-27
Meta Leap,0,N/A,N/A,N/A,2026-09-27
MetaKeep,0,N/A,N/A,N/A,2026-09-27
Mflo,0,N/A,N/A,N/A,2026-09-27
MindAgentsAI,0,N/A,N/A,N/A,2026-09-27
Mintpad,0,N/A,N/A,N/A,2026-09-27
Mobula,0,N/A,N/A,N/A,2026-09-27
MonadExplorer by BlockVision,0,N/A,N/A,N/A,2026-09-27
Monadata AI,0,N/A,N/A,N/A,2026-09-27
Monday Trade,0,N/A,N/A,N/A,2026-09-27
Monorail,0,N/A,N/A,N/A,2026-09-27
Morpheus,0,N/A,N/A,N/A,2026-09-27
Moseiki,0,N/A,N/A,N/A,2026-09-27
Mozi,0,N/A,N/A,N/A,2026-09-27
Mu Digital,0,N/A,N/A,N/A,2026-09-27
Multipli,0,N/A,N/A,N/A,2026-09-27
Multisynq,0,N/A,N/A,N/A,2026-09-27
NADSA,0,N/A,N/A,N/A,2026-09-27
NFTs2Me,0,N/A,N/A,N/A,2026-09-27
NXTchain,0,N/A,N/A,N/A,2026-09-27
Nabla Finance,0,N/A,N/A,N/A,2026-09-27
Nad.fun,0,N/A,N/A,N/A,2026-09-27
NadSmith,0,N/A,N/A,N/A,2026-09-27
Narrative,0,N/A,N/A,N/A,2026-09-27
Narwhal Finance,0,N/A,N/A,N/A,2026-09-27
Neverland,0,N/A,N/A,N/A,2026-09-27
Nillion,0,N/A,N/A,N/A,2026-09-27
Router Protocol,0,N/A,N/A,N/A,2026-09-27
NitroFinance,0,N/A,N/A,N/A,2026-09-27
Nomas Wallet,0,N/A,N/A,N/A,2026-09-27
Nostra,0,N/A,N/A,N/A,2026-09-27
Notifi,0,N/A,N/A,N/A,2026-09-27
Noves,0,N/A,N/A,N/A,2026-09-27
Nubila Network,0,N/A,N/A,N/A,2026-09-27
Nunchi,0,N/A,N/A,N/A,2026-09-27
OKX Explorer,0,N/A,N/A,N/A,2026-09-27
OKX Wallet,0,N/A,N/A,N/A,2026-09-27
OSL Pay,0,N/A,N/A,N/A,2026-09-27
OctoSwap,0,N/A,N/A,N/A,2026-09-27
Omnia,0,N/A,N/A,N/A,2026-09-27
Opals,0,N/A,N/A,N/A,2026-09-27
OpenOcean,0,N/A,N/A,N/A,2026-09-27
OpenSea,0,N/A,N/A,N/A,2026-09-27
Orbiter Finance,0,N/A,N/A,N/A,2026-09-27
Orderly Network,0,N/A,N/A,N/A,2026-09-27
Orochi Network,0,N/A,N/A,N/A,2026-09-27
Outpost Surge,0,N/A,N/A,N/A,2026-09-27
Owlto Finance,0,N/A,N/A,N/A,2026-09-27
PLAY Network,0,N/A,N/A,N/A,2026-09-27
POINK,0,N/A,N/A,N/A,2026-09-27
PancakeSwap,0,N/A,N/A,N/A,2026-09-27
Pangea,0,N/A,N/A,N/A,2026-09-27
Para,0,N/A,N/A,N/A,2026-09-27
Pecker,0,N/A,N/A,N/A,2026-09-27
Peridot,0,N/A,N/A,N/A,2026-09-27
Permute Finance,0,N/A,N/A,N/A,2026-09-27
Perpl,0,N/A,N/A,N/A,2026-09-27
Phantom,0,N/A,N/A,N/A,2026-09-27
Pimlico,0,N/A,N/A,N/A,2026-09-27
Pingu Exchange,0,N/A,N/A,N/A,2026-09-27
Plato,0,N/A,N/A,N/A,2026-09-27
PolyFlow,0,N/A,N/A,N/A,2026-09-27
Poply,0,N/A,N/A,N/A,2026-09-27
Poster.fun,0,N/A,N/A,N/A,2026-09-27
Primex Finance,0,N/A,N/A,N/A,2026-09-27
Primus,0,N/A,N/A,N/A,2026-09-27
Privy,0,N/A,N/A,N/A,2026-09-27
Proof-of-Skill,0,N/A,N/A,N/A,2026-09-27
Puffer Finance,0,N/A,N/A,N/A,2026-09-27
PumpBTC,0,N/A,N/A,N/A,2026-09-27
Purps,0,N/A,N/A,N/A,2026-09-27
Pyth Network,0,N/A,N/A,N/A,2026-09-27
QuickNode,0,N/A,N/A,N/A,2026-09-27
Rabble,0,N/A,N/A,N/A,2026-09-27
RareBetSports,0,N/A,N/A,N/A,2026-09-27
Rayvo,0,N/A,N/A,N/A,2026-09-27
RedStone,0,N/A,N/A,N/A,2026-09-27
Redbrick,0,N/A,N/A,N/A,2026-09-27
Relend Network,0,N/A,N/A,N/A,2026-09-27
Renzo,0,N/A,N/A,N/A,2026-09-27
Reown,0,N/A,N/A,N/A,2026-09-27
Reservoir,0,N/A,N/A,N/A,2026-09-27
RgbClash,0,N/A,N/A,N/A,2026-09-27
Rhino.fi,0,N/A,N/A,N/A,2026-09-27
Rubic,0,N/A,N/A,N/A,2026-09-27
Rug Rumble,0,N/A,N/A,N/A,2026-09-27
Rumi,0,N/A,N/A,N/A,2026-09-27
SQD,0,N/A,N/A,N/A,2026-09-27
STAGE.fun,0,N/A,N/A,N/A,2026-09-27
SafePal,0,N/A,N/A,N/A,2026-09-27
Scatter.art,0,N/A,N/A,N/A,2026-09-27
Sela Network,0,N/A,N/A,N/A,2026-09-27
Sherpa,0,N/A,N/A,N/A,2026-09-27
Showdown,0,N/A,N/A,N/A,2026-09-27
Sidekick,0,N/A,N/A,N/A,2026-09-27
SkyTrade,0,N/A,N/A,N/A,2026-09-27
Slogain,0,N/A,N/A,N/A,2026-09-27
Solv Protocol,0,N/A,N/A,N/A,2026-09-27
Spine Finance,0,N/A,N/A,N/A,2026-09-27
Sprout,0,N/A,N/A,N/A,2026-09-27
StakeStone,0,N/A,N/A,N/A,2026-09-27
Stargate,0,N/A,N/A,N/A,2026-09-27
StationX,0,N/A,N/A,N/A,2026-09-27
Stork,0,N/A,N/A,N/A,2026-09-27
SubQuery,0,N/A,N/A,N/A,2026-09-27
Sumer,0,N/A,N/A,N/A,2026-09-27
Sunscreen,0,N/A,N/A,N/A,2026-09-27
Swaap,0,N/A,N/A,N/A,2026-09-27
Switchboard,0,N/A,N/A,N/A,2026-09-27
Swyrl Finance,0,N/A,N/A,N/A,2026-09-27
T3rn,0,N/A,N/A,N/A,2026-09-27
Tadle,0,N/A,N/A,N/A,2026-09-27
Talentum,0,N/A,N/A,N/A,2026-09-27
Tally,0,N/A,N/A,N/A,2026-09-27
Tarobase,0,N/A,N/A,N/A,2026-09-27
Terminal 3,0,N/A,N/A,N/A,2026-09-27
Tezza Poker,0,N/A,N/A,N/A,2026-09-27
The Graph,0,N/A,N/A,N/A,2026-09-27
The Vape Labs,0,N/A,N/A,N/A,2026-09-27
Thirdweb,0,N/A,N/A,N/A,2026-09-27
Timelock,0,N/A,N/A,N/A,2026-09-27
Timeswap,0,N/A,N/A,N/A,2026-09-27
TokenPocket,0,N/A,N/A,N/A,2026-09-27
TownSquare,0,N/A,N/A,N/A,2026-09-27
Tread.fi,0,N/A,N/A,N/A,2026-09-27
Triton One,0,N/A,N/A,N/A,2026-09-27
Turnkey,0,N/A,N/A,N/A,2026-09-27
TypeX,0,N/A,N/A,N/A,2026-09-27
Uniswap,0,N/A,N/A,N/A,2026-09-27
Uniswap Wallet,0,N/A,N/A,N/A,2026-09-27
Unmarshal,0,N/A,N/A,N/A,2026-09-27
Valor Quest,0,N/A,N/A,N/A,2026-09-27
Web3Auth,0,N/A,N/A,N/A,2026-09-27
Winks.fun,0,N/A,N/A,N/A,2026-09-27
Wonad,0,N/A,N/A,N/A,2026-09-27
Wormhole,0,N/A,N/A,N/A,2026-09-27
X2C,0,N/A,N/A,N/A,2026-09-27
XL,0,N/A,N/A,N/A,2026-09-27
Yamata,0,N/A,N/A,N/A,2026-09-27
YieldKingZ,0,N/A,N/A,N/A,2026-09-27
Zapry,0,N/A,N/A,N/A,2026-09-27
Zerion,0,N/A,N/A,N/A,2026-09-27
ZeroDev,0,N/A,N/A,N/A,2026-09-27
Zona,0,N/A,N/A,N/A,2026-09-27
dFusion AI,0,N/A,N/A,N/A,2026-09-27