date,name,handle,followerCount,status,error
2026-08-08,0x,0xProject,0,error,Response returned an error code
2026-08-08,Agora,withAUSD,0,error,Response returned an error code
2026-08-08,AZEx,azex_io,0,error,Response returned an error code
2026-08-08,Aarna,aarnasays,0,error,Response returned an error code
2026-08-08,Accountable,AccountableData,0,error,Response returned an error code
2026-08-08,Across Protocol,AcrossProtocol,0,error,Response returned an error code
2026-08-08,Acurast,Acurast,0,error,Response returned an error code
2026-08-08,AethonSwap,AethonSwap,0,error,Response returned an error code
2026-08-08,Alchemy,Alchemy,0,error,Response returned an error code
2026-08-08,AllDomains,alldomains,0,error,Response returned an error code
2026-08-08,Allium,AlliumLabs,0,error,Response returned an error code
2026-08-08,Ambient,ambient_finance,0,error,Response returned an error code
2026-08-08,Ambire,ambirewallet,0,error,Response returned an error code
2026-08-08,Amertis,AmertisExchange,0,error,Response returned an error code
2026-08-08,Ammalgam,Ammalgam,0,error,Response returned an error code
2026-08-08,ApeBond,apebond,0,error,Response returned an error code
2026-08-08,Apriori,apriori,0,error,Response returned an error code
2026-08-08,Atlantis,atlantisdex_xyz,0,error,Response returned an error code
2026-08-08,Atomic Wallet,atomicwallet,0,error,Response returned an error code
2026-08-08,Azaar,AzaarExchange,0,error,Response returned an error code
2026-08-08,Backpack,Backpack,0,error,Response returned an error code
2026-08-08,Balancer,Balancer,0,error,Response returned an error code
2026-08-08,Band Protocol,BandProtocol,0,error,Response returned an error code
2026-08-08,Bean Exchange,Bean_DEX,0,error,Response returned an error code
2026-08-08,Bebop,bebop_dex,0,error,Response returned an error code
2026-08-08,Biconomy,biconomy,0,error,Response returned an error code
2026-08-08,Bima,bimabtc,0,error,Response returned an error code
2026-08-08,Birdeye,birdeye_so,0,error,Response returned an error code
2026-08-08,Birdeye Data Services,birdeye_data,0,error,Response returned an error code
2026-08-08,Bitget Wallet,BitgetWallet,0,error,Response returned an error code
2026-08-08,Blazpay,blazpaylabs,0,error,Response returned an error code
2026-08-08,BlockStreet,blockst_hq,0,error,Response returned an error code
2026-08-08,BlockVision,blockvisionhq,0,error,Response returned an error code
2026-08-08,Blockdaemon,BlockdaemonHQ,0,error,Response returned an error code
2026-08-08,Blocklive,blocklive_,0,error,Response returned an error code
2026-08-08,Breath of Estova,BreathOfEstova,0,error,Response returned an error code
2026-08-08,Buzzing App,BuzzingApp,0,error,Response returned an error code
2026-08-08,Bybit Web3 Wallet,Bybit_Web3,0,error,Response returned an error code
2026-08-08,CPLX,cplx_io,0,error,Response returned an error code
2026-08-08,CULT,cultdottrade,0,error,Response returned an error code
2026-08-08,Caddy Finance,caddyfi,0,error,Response returned an error code
2026-08-08,Capa,capa_fi,0,error,Response returned an error code
2026-08-08,Castora,Castora_xyz,0,error,Response returned an error code
2026-08-08,Catton AI,Cattontw,0,error,Response returned an error code
2026-08-08,Celeris,0xCeleris,0,error,Response returned an error code
2026-08-08,Chainbase,ChainbaseHQ,0,error,Response returned an error code
2026-08-08,Chainlink,chainlink,0,error,Response returned an error code
2026-08-08,Chainsight,Chainsight_,0,error,Response returned an error code
2026-08-08,Chronicle,ChronicleLabs,0,error,Response returned an error code
2026-08-08,Clober,CloberDEX,0,error,Response returned an error code
2026-08-08,CoNFT,ConftApp,0,error,Response returned an error code
2026-08-08,Codex,trycodex,0,error,Response returned an error code
2026-08-08,Coin98 AI Wallet,coin98_wallet,0,error,Response returned an error code
2026-08-08,Covenant,covenantFi,0,error,Response returned an error code
2026-08-08,Crust Finance,CrustFinance,0,error,Response returned an error code
2026-08-08,Crystal,CrystalExch,0,error,Response returned an error code
2026-08-08,Cult Markets,cultmarkets,0,error,Response returned an error code
2026-08-08,Curvance,Curvance,0,error,Response returned an error code
2026-08-08,Cycle Network,cyclenetwork_GO,0,error,Response returned an error code
2026-08-08,Cyferio,cyferio_labs,0,error,Response returned an error code
2026-08-08,DAU Cards,DAUCards,0,error,Response returned an error code
2026-08-08,DRKVRS,drkvrs,0,error,Response returned an error code
2026-08-08,DRPC,drpcorg,0,error,Response returned an error code
2026-08-08,DashX,dashxhq,0,error,Response returned an error code
2026-08-08,Defined,definedfi,0,error,Response returned an error code
2026-08-08,Demask Finance,demaskfinance,0,error,Response returned an error code
2026-08-08,Dialect,saydialect,0,error,Response returned an error code
2026-08-08,Diffuse,DiffuseFi,0,error,Response returned an error code
2026-08-08,Dirol Protocol,DirolProtocol,0,error,Response returned an error code
2026-08-08,DiscoCats,mydiscocats,0,error,Response returned an error code
2026-08-08,Doppler Finance,dopplerprotocol,0,error,Response returned an error code
2026-08-08,Drake,DrakeExchange,0,error,Response returned an error code
2026-08-08,Dune Analytics,Dune,0,error,Response returned an error code
2026-08-08,Dusted,dusted_app,0,error,Response returned an error code
2026-08-08,Dynamic,dynamic_xyz,0,error,Response returned an error code
2026-08-08,Dyson Finance,DysonFinance,0,error,Response returned an error code
2026-08-08,ELFi Protocol,ELFiProtocol,0,error,Response returned an error code
2026-08-08,EOracle,EO_Network,0,error,Response returned an error code
2026-08-08,Eisen Finance,EisenLabs,0,error,Response returned an error code
2026-08-08,Enjoyoors,enjoyoorsxyz,0,error,Response returned an error code
2026-08-08,Entangle,Entanglefi,0,error,Response returned an error code
2026-08-08,Envio,envio_indexer,0,error,Response returned an error code
2026-08-08,Euclid Protocol,EuclidProtocol,0,error,Response returned an error code
2026-08-08,Euler,eulerfinance,0,error,Response returned an error code
2026-08-08,FUKU,Fuku_nad,0,error,Response returned an error code
2026-08-08,FWX,fwxfinance,0,error,Response returned an error code
2026-08-08,Fans3 AI,Fans3_AI,0,error,Response returned an error code
2026-08-08,Farcaster,farcaster_xyz,0,error,Response returned an error code
2026-08-08,FastLane,0xFastLane,0,error,Response returned an error code
2026-08-08,Fiamma,fiamma_labs,0,error,Response returned an error code
2026-08-08,Fizen.io,fizenapp,0,error,Response returned an error code
2026-08-08,Flap,flapdotsh,0,error,Response returned an error code
2026-08-08,Flipside Crypto,flipsidecrypto,0,error,Response returned an error code
2026-08-08,Folks Finance,FolksFinance,0,error,Response returned an error code
2026-08-08,Fonbnk,fonbnk1,0,error,Response returned an error code
2026-08-08,Fortytwo,fortytwo,0,error,Response returned an error code
2026-08-08,FoxWallet,FoxWallet,0,error,Response returned an error code
2026-08-08,GM Agents,GMAgents_AI,0,error,Response returned an error code
2026-08-08,Garden,gardenfi,0,error,Response returned an error code
2026-08-08,Gasp,Gasp_xyz,0,error,Response returned an error code
2026-08-08,Gateway,Gateway_xyz,0,error,Response returned an error code
2026-08-08,Gearbox Protocol,GearboxProtocol,0,error,Response returned an error code
2026-08-08,Gelato,gelatonetwork,0,error,Response returned an error code
2026-08-08,Ghost,0xGhostLogs,0,error,Response returned an error code
2026-08-08,Gifted.art,gifteddotart,0,error,Response returned an error code
2026-08-08,GoPlus,goplussecurity,0,error,Response returned an error code
2026-08-08,Covalent,Covalent_HQ,0,error,Response returned an error code
2026-08-08,Golden Goose,GoldenGoose_app,0,error,Response returned an error code
2026-08-08,Goldsky,goldskyio,0,error,Response returned an error code
2026-08-08,Gorillionaire,gorillionaireai,0,error,Response returned an error code
2026-08-08,HaHa Wallet,haha_app,0,error,Response returned an error code
2026-08-08,Hashflow,hashflow,0,error,Response returned an error code
2026-08-08,Hawk Terminal,hawkterminal_HQ,0,error,Response returned an error code
2026-08-08,Hemera,HemeraProtocol,0,error,Response returned an error code
2026-08-08,Henry Labs,henrylabs,0,error,Response returned an error code
2026-08-08,Hive,Hive_Monad,0,error,Response returned an error code
2026-08-08,Hyperlane,hyperlane,0,error,Response returned an error code
2026-08-08,INFINIT,infinit_labs,0,error,Response returned an error code
2026-08-08,IZUMi Finance,izumi_Finance,0,error,Response returned an error code
2026-08-08,Impossible Finance,impossiblefi,0,error,Response returned an error code
2026-08-08,Index Network,indexnetwork_,0,error,Response returned an error code
2026-08-08,Jenius,JeniusRndm,0,error,Response returned an error code
2026-08-08,Jumper Exchange,jumperexchange,0,error,Response returned an error code
2026-08-08,KINETK,KINETK_AI,0,error,Response returned an error code
2026-08-08,Kansei,0xKansei,0,error,Response returned an error code
2026-08-08,KiloEx,KiloEx_perp,0,error,Response returned an error code
2026-08-08,Kingdomly,Kingdomlyapp,0,error,Response returned an error code
2026-08-08,Kintsu,Kintsu,0,error,Response returned an error code
2026-08-08,Kinza Finance,kinzafinance,0,error,Response returned an error code
2026-08-08,Kizzy,kizzymobile,0,error,Response returned an error code
2026-08-08,Kodeus AI,TheKodeusLabs,0,error,Response returned an error code
2026-08-08,Koywe,koywe_latam,0,error,Response returned an error code
2026-08-08,KuCoin,KuCoin_Web3,0,error,Response returned an error code
2026-08-08,Kuru,KuruExchange,0,error,Response returned an error code
2026-08-08,LAGOON,lagoon_finance,0,error,Response returned an error code
2026-08-08,LEVR.bet,levr_bet,0,error,Response returned an error code
2026-08-08,LFJ,LFJ_gg,0,error,Response returned an error code
2026-08-08,LI.FI,lifiprotocol,0,error,Response returned an error code
2026-08-08,LayerZero,LayerZero_Core,0,error,Response returned an error code
2026-08-08,Layerhub,layerhub,0,error,Response returned an error code
2026-08-08,Leap Wallet,leap_wallet,0,error,Response returned an error code
2026-08-08,Legends of Elysium,LegendsElysium,0,error,Response returned an error code
2026-08-08,LeverUp,LeverUp_xyz,0,error,Response returned an error code
2026-08-08,Likwid,likwid_fi,0,error,Response returned an error code
2026-08-08,Lombard,Lombard_Finance,0,error,Response returned an error code
2026-08-08,LootGO,lootgo_official,0,error,Response returned an error code
2026-08-08,Lootify,Lootify_xyz,0,error,Response returned an error code
2026-08-08,Lumiterra,LumiterraGame,0,error,Response returned an error code
2026-08-08,M0narch,MonadM0narch,0,error,Response returned an error code
2026-08-08,MERV,merv_wtf,0,error,Response returned an error code
2026-08-08,Mace,mace_ag,0,error,Response returned an error code
2026-08-08,Mach Exchange,mach_exchange,0,error,Response returned an error code
2026-08-08,Madhouse,usemadhouse,0,error,Response returned an error code
2026-08-08,Magic Eden,magiceden,0,error,Response returned an error code
2026-08-08,Magma,MagmaStaking,0,error,Response returned an error code
2026-08-08,Mahjong123,0xMJM,0,error,Response returned an error code
2026-08-08,Memesteroid,memesteroid,0,error,Response returned an error code
2026-08-08,Mentaport,mentaportinc,0,error,Response returned an error code
2026-08-08,Meow Finance,meowfi_,0,error,Response returned an error code
2026-08-08,Meta Leap,MetaLeap_io,0,error,Response returned an error code
2026-08-08,MetaKeep,metakeep,0,error,Response returned an error code
2026-08-08,Mflo,mfloai,0,error,Response returned an error code
2026-08-08,MindAgentsAI,MindAgentsAI,0,error,Response returned an error code
2026-08-08,Mintpad,mintpadco,0,error,Response returned an error code
2026-08-08,Mobula,Mobulaio,0,error,Response returned an error code
2026-08-08,MonadExplorer by BlockVision,blockvisionhq,0,error,Response returned an error code
2026-08-08,Monadata AI,monadata_ai,0,error,Response returned an error code
2026-08-08,Monday Trade,MondayTrade_,0,error,Response returned an error code
2026-08-08,Monorail,monorail_xyz,0,error,Response returned an error code
2026-08-08,Morpheus,Morpheus_Farm,0,error,Response returned an error code
2026-08-08,Moseiki,MoseikiApp,0,error,Response returned an error code
2026-08-08,Mozi,mozifinance,0,error,Response returned an error code
2026-08-08,Mu Digital,MuDigitalHQ,0,error,Response returned an error code
2026-08-08,Multipli,multiplifi,0,error,Response returned an error code
2026-08-08,Multisynq,multisynq,0,error,Response returned an error code
2026-08-08,NADSA,0xNADSA,0,error,Response returned an error code
2026-08-08,NFTs2Me,NFTs2Me,0,error,Response returned an error code
2026-08-08,NXTchain,NXT_chain,0,error,Response returned an error code
2026-08-08,Nabla Finance,nablafi,0,error,Response returned an error code
2026-08-08,Nad.fun,naddotfun,0,error,Response returned an error code
2026-08-08,NadSmith,NadSmith_,0,error,Response returned an error code
2026-08-08,Narrative,narrativexyz,0,error,Response returned an error code
2026-08-08,Narwhal Finance,Narwhal_Finance,0,error,Response returned an error code
2026-08-08,Neverland,neverland_money,0,error,Response returned an error code
2026-08-08,Nillion,nillion,0,error,Response returned an error code
2026-08-08,Router Protocol,routerprotocol,0,error,Response returned an error code
2026-08-08,NitroFinance,NitroFinance,0,error,Response returned an error code
2026-08-08,Nomas Wallet,NomasWalletReal,0,error,Response returned an error code
2026-08-08,Nostra,nostrafinance,0,error,Response returned an error code
2026-08-08,Notifi,NotifiNetwork,0,error,Response returned an error code
2026-08-08,Noves,noves_fi,0,error,Response returned an error code
2026-08-08,Nubila Network,nubilanetwork,0,error,Response returned an error code
2026-08-08,Nunchi,nunchi,0,error,Response returned an error code
2026-08-08,OKX Explorer,okxexplorer,0,error,Response returned an error code
2026-08-08,OKX Wallet,wallet,0,error,Response returned an error code
2026-08-08,OSL Pay,oslpay,0,error,Response returned an error code
2026-08-08,OctoSwap,octoswapdex,0,error,Response returned an error code
2026-08-08,Omnia,ExploreOmnia,0,error,Response returned an error code
2026-08-08,Opals,Opals_io,0,error,Response returned an error code
2026-08-08,OpenOcean,OpenOceanGlobal,0,error,Response returned an error code
2026-08-08,OpenSea,opensea,0,error,Response returned an error code
2026-08-08,Orbiter Finance,Orbiter_Finance,0,error,Response returned an error code
2026-08-08,Orderly Network,orderlynetwork,0,error,Response returned an error code
2026-08-08,Orochi Network,OrochiNetwork,0,error,Response returned an error code
2026-08-08,Outpost Surge,OutpostSurge,0,error,Response returned an error code
2026-08-08,Owlto Finance,Owlto_Finance,0,error,Response returned an error code
2026-08-08,PLAY Network,0xplay_network,0,error,Response returned an error code
2026-08-08,POINK,poinkofficial,0,error,Response returned an error code
2026-08-08,PancakeSwap,PancakeSwap,0,error,Response returned an error code
2026-08-08,Pangea,In_Pangea,0,error,Response returned an error code
2026-08-08,Para,get_para,0,error,Response returned an error code
2026-08-08,Pecker,pecker_so,0,error,Response returned an error code
2026-08-08,Peridot,peridotprotocol,0,error,Response returned an error code
2026-08-08,Permute Finance,permute_finance,0,error,Response returned an error code
2026-08-08,Perpl,perpltrade,0,error,Response returned an error code
2026-08-08,Phantom,phantom,0,error,Response returned an error code
2026-08-08,Pimlico,pimlicoHQ,0,error,Response returned an error code
2026-08-08,Pingu Exchange,PinguExchange,0,error,Response returned an error code
2026-08-08,Plato,plato2earn,0,error,Response returned an error code
2026-08-08,PolyFlow,Polyflow_PayFi,0,error,Response returned an error code
2026-08-08,Poply,poply_xyz,0,error,Response returned an error code
2026-08-08,Poster.fun,Posterdotfun,0,error,Response returned an error code
2026-08-08,Primex Finance,primex_official,0,error,Response returned an error code
2026-08-08,Primus,primus_labs,0,error,Response returned an error code
2026-08-08,Privy,privy_io,0,error,Response returned an error code
2026-08-08,Proof-of-Skill,proofofskill,0,error,Response returned an error code
2026-08-08,Puffer Finance,Puffer_Finance,0,error,Response returned an error code
2026-08-08,PumpBTC,Pumpbtcxyz,0,error,Response returned an error code
2026-08-08,Purps,PurpsExchange,0,error,Response returned an error code
2026-08-08,Pyth Network,PythNetwork,0,error,Response returned an error code
2026-08-08,QuickNode,QuickNode,0,error,Response returned an error code
2026-08-08,Rabble,0xRabble,0,error,Response returned an error code
2026-08-08,RareBetSports,RareBetSports,0,error,Response returned an error code
2026-08-08,Rayvo,rayvo_xyz,0,error,Response returned an error code
2026-08-08,RedStone,redstone_defi,0,error,Response returned an error code
2026-08-08,Redbrick,RedbrickLand,0,error,Response returned an error code
2026-08-08,Relend Network,relend_network,0,error,Response returned an error code
2026-08-08,Renzo,RenzoProtocol,0,error,Response returned an error code
2026-08-08,Reown,reown_,0,error,Response returned an error code
2026-08-08,Reservoir,reservoir0x,0,error,Response returned an error code
2026-08-08,RgbClash,rgbclash_xyz,0,error,Response returned an error code
2026-08-08,Rhino.fi,rhinofi,0,error,Response returned an error code
2026-08-08,Rubic,CryptoRubic,0,error,Response returned an error code
2026-08-08,Rug Rumble,RugRumble,0,error,Response returned an error code
2026-08-08,Rumi,RumiLabs_io,0,error,Response returned an error code
2026-08-08,SQD,helloSQD,0,error,Response returned an error code
2026-08-08,STAGE.fun,stagedotfun,0,error,Response returned an error code
2026-08-08,SafePal,iSafePal,0,error,Response returned an error code
2026-08-08,Scatter.art,scatter_art,0,error,Response returned an error code
2026-08-08,Sela Network,SelaNetwork,0,error,Response returned an error code
2026-08-08,Sherpa,sherpa_trade,0,error,Response returned an error code
2026-08-08,Showdown,showdown_gg,0,error,Response returned an error code
2026-08-08,Sidekick,Sidekick_Labs,0,error,Response returned an error code
2026-08-08,SkyTrade,SkyTradeNetwork,0,error,Response returned an error code
2026-08-08,Slogain,SlogainDaily,0,error,Response returned an error code
2026-08-08,Solv Protocol,SolvProtocol,0,error,Response returned an error code
2026-08-08,Spine Finance,spineprotocol,0,error,Response returned an error code
2026-08-08,Sprout,sproutfi_xyz,0,error,Response returned an error code
2026-08-08,StakeStone,stake_stone,0,error,Response returned an error code
2026-08-08,Stargate,StargateFinance,0,error,Response returned an error code
2026-08-08,StationX,stationxnetwork,0,error,Response returned an error code
2026-08-08,Stork,StorkOracle,0,error,Response returned an error code
2026-08-08,SubQuery,SubQueryNetwork,0,error,Response returned an error code
2026-08-08,Sumer,sumermoney,0,error,Response returned an error code
2026-08-08,Sunscreen,sunscreentech,0,error,Response returned an error code
2026-08-08,Swaap,SwaapFinance,0,error,Response returned an error code
2026-08-08,Switchboard,switchboardxyz,0,error,Response returned an error code
2026-08-08,Swyrl Finance,SwyrlFi,0,error,Response returned an error code
2026-08-08,T3rn,t3rn_io,0,error,Response returned an error code
2026-08-08,Tadle,tadle_com,0,error,Response returned an error code
2026-08-08,Talentum,TalentumID,0,error,Response returned an error code
2026-08-08,Tally,tallyxyz,0,error,Response returned an error code
2026-08-08,Tarobase,0xtarobase,0,error,Response returned an error code
2026-08-08,Terminal 3,terminal3io,0,error,Response returned an error code
2026-08-08,Tezza Poker,tezzapoker,0,error,Response returned an error code
2026-08-08,The Graph,graphprotocol,0,error,Response returned an error code
2026-08-08,The Vape Labs,thevapelabs,0,error,Response returned an error code
2026-08-08,Thirdweb,thirdweb,0,error,Response returned an error code
2026-08-08,Timelock,Timelock_Trade,0,error,Response returned an error code
2026-08-08,Timeswap,TimeswapLabs,0,error,Response returned an error code
2026-08-08,TokenPocket,TokenPocket_TP,0,error,Response returned an error code
2026-08-08,TownSquare,TownSquarexyz,0,error,Response returned an error code
2026-08-08,Tread.fi,tread_fi,0,error,Response returned an error code
2026-08-08,Triton One,triton_one,0,error,Response returned an error code
2026-08-08,Turnkey,turnkeyhq,0,error,Response returned an error code
2026-08-08,TypeX,TypeXKeyboard,0,error,Response returned an error code
2026-08-08,Uniswap,Uniswap,0,error,Response returned an error code
2026-08-08,Uniswap Wallet,Uniswap,0,error,Response returned an error code
2026-08-08,Unmarshal,unmarshalAI,0,error,Response returned an error code
2026-08-08,Valor Quest,valorquestgame,0,error,Response returned an error code
2026-08-08,Web3Auth,web3auth,0,error,Response returned an error code
2026-08-08,Winks.fun,winksdotfun,0,error,Response returned an error code
2026-08-08,Wonad,thiswonad,0,error,Response returned an error code
2026-08-08,Wormhole,wormhole,0,error,Response returned an error code
2026-08-08,X2C,PlayFlappyTrump,0,error,Response returned an error code
2026-08-08,XL,xldotfun,0,error,Response returned an error code
2026-08-08,Yamata,yamataexchange,0,error,Response returned an error code
2026-08-08,YieldKingZ,Yieldkingz,0,error,Response returned an error code
2026-08-08,Zapry,0xZapry,0,error,Response returned an error code
2026-08-08,Zerion,zerion,0,error,Response returned an error code
2026-08-08,ZeroDev,zerodev_app,0,error,Response returned an error code
2026-08-08,Zona,zona_io,0,error,Response returned an error code
2026-08-08,dFusion AI,dfusionai,0,error,Response returned an error code